item_id,mean,adi,cv2,zero_frac,nz_mean,class,units,rev,cum_share,class_old
FOODS_2_197,20.18704379562044,1.0734573947110675,0.238595198688179,0.0684306569343065,21.669931439764937,smooth,22125,73293.47,5.10751,lumpy
FOODS_2_019,17.014598540145986,1.072407045009785,0.2127085967473857,0.0675182481751824,18.246575342465757,smooth,18648,61816.21,9.415219,lumpy
FOODS_3_444,7.247262773722627,2.6033254156769594,0.1929343517762887,0.6158759124087592,18.866983372921617,intermittent,7943,52421.363,13.06824,smooth
FOODS_3_099,17.900547445255473,1.0589371980676328,0.137835417285103,0.0556569343065693,18.95555555555556,smooth,19619,49047.5,16.48615,lumpy
FOODS_2_276,10.447992700729928,1.1264131551901335,0.3056253250307431,0.1122262773722627,11.768756423432682,smooth,11451,37956.074,19.13115,lumpy
FOODS_3_592,2.85492700729927,1.491156462585034,0.3250823201007097,0.3293795620437956,4.257142857142857,intermittent,3129,23167.887,20.74562,smooth
FOODS_2_029,1.8968978102189784,3.727891156462585,0.3139270110001314,0.7317518248175182,7.071428571428571,intermittent,2079,22476.273,22.311895,smooth
FOODS_3_389,10.741788321167885,1.004582951420715,0.2234081815259731,0.0045620437956204,10.791017415215398,smooth,11773,19106.682,23.64336,lumpy
FOODS_3_635,16.403284671532848,1.3300970873786409,0.6889975408973082,0.2481751824817518,21.817961165048544,erratic,17978,17978.0,24.896172,intermittent
FOODS_3_704,3.74543795620438,1.2554410080183276,0.3296918647681425,0.2034671532846715,4.702176403207331,smooth,4105,17817.95,26.137827,lumpy
FOODS_3_727,4.078467153284672,1.2342342342342345,0.428863056891259,0.1897810218978102,5.033783783783784,smooth,4470,17152.883,27.333138,lumpy
FOODS_3_295,15.610401459854014,1.066147859922179,0.418043388244962,0.0620437956204379,16.642996108949415,smooth,17109,13684.318,28.28674,lumpy
FOODS_3_037,4.976277372262774,1.2833723653395783,0.27054569130971,0.2208029197080292,6.386416861826698,smooth,5454,13635.0,29.236904,lumpy
HOUSEHOLD_1_222,1.177919708029197,2.479638009049774,0.497105006529597,0.5967153284671532,2.920814479638009,erratic,1291,12869.656,30.133736,intermittent
FOODS_3_725,3.95985401459854,1.3094384707287934,0.3173178888780392,0.2363138686131387,5.185185185185185,smooth,4340,12502.93,31.005013,lumpy
FOODS_2_060,1.5282846715328466,1.4931880108991826,0.3155800458115442,0.3302919708029197,2.282016348773842,intermittent,1675,12476.164,31.874424,smooth
HOBBIES_1_141,0.7846715328467153,2.525345622119816,0.2951690258887833,0.6040145985401459,1.9815668202764976,intermittent,860,12443.25,32.74154,smooth
HOBBIES_1_160,0.5346715328467153,2.4301552106430155,0.169259034920487,0.5885036496350365,1.2993348115299337,intermittent,586,11919.922,33.57219,smooth
FOODS_2_101,1.7645985401459854,1.4751009421265142,0.4069485981355153,0.3220802919708029,2.6029609690444144,intermittent,1934,11572.484,34.378624,smooth
HOBBIES_1_099,0.6824817518248175,2.8174807197943443,0.3009072302773031,0.6450729927007299,1.922879177377892,intermittent,748,11085.25,35.151108,smooth
FOODS_3_730,1.8594890510948905,1.2833723653395783,0.3463449741624496,0.2208029197080292,2.386416861826698,smooth,2038,10150.195,35.858433,lumpy
HOBBIES_1_342,0.4242700729927007,2.891820580474934,0.1379336021352439,0.6541970802919708,1.2269129287598943,intermittent,465,9461.719,36.51778,smooth
FOODS_3_232,2.877737226277372,1.096,0.3284725409884593,0.0875912408759124,3.154,smooth,3154,9436.6875,37.175385,lumpy
HOUSEHOLD_1_248,0.958941605839416,1.7396825396825395,0.2808629059188416,0.4251824817518248,1.6682539682539683,intermittent,1051,9426.156,37.832253,smooth
FOODS_3_526,4.3166058394160585,1.2177777777777778,0.5724138989292731,0.1788321167883211,5.256666666666667,lumpy,4731,9369.598,38.48518,erratic
HOUSEHOLD_2_437,1.0748175182481752,1.7098283931357254,0.3937672094295242,0.4151459854014598,1.8377535101404057,intermittent,1178,9275.859,39.131577,smooth
HOBBIES_1_040,0.6359489051094891,2.435555555555556,0.2872551014611629,0.5894160583941606,1.548888888888889,intermittent,697,9039.219,39.761482,smooth
FOODS_2_359,4.070255474452555,1.1952017448200654,0.4080261460816171,0.1633211678832117,4.864776444929117,smooth,4461,8945.543,40.38486,lumpy
HOBBIES_1_060,0.2636861313868613,4.547717842323651,0.1403556191456839,0.7801094890510949,1.1991701244813278,intermittent,289,8813.203,40.999016,smooth
FOODS_1_152,0.9744525547445256,1.9027777777777777,0.4217649286706222,0.4744525547445255,1.8541666666666667,intermittent,1068,8785.969,41.611275,smooth
HOUSEHOLD_1_118,8.224452554744525,1.0798029556650246,0.453887897045651,0.0739051094890511,8.880788177339902,smooth,9014,8745.517,42.22071,lumpy
HOUSEHOLD_1_427,1.3293795620437956,2.0296296296296297,0.4494987964291986,0.5072992700729927,2.698148148148148,intermittent,1457,8685.086,42.825935,smooth
HOBBIES_1_349,0.6651459854014599,3.19533527696793,0.4204935425981997,0.6870437956204379,2.1253644314868803,intermittent,729,8528.914,43.42028,smooth
HOBBIES_1_235,0.5766423357664233,2.424778761061947,0.2589449428018919,0.5875912408759124,1.3982300884955752,intermittent,632,8201.1875,43.991787,smooth
FOODS_2_266,0.7947080291970803,3.271641791044776,0.5050845055451229,0.6943430656934306,2.6,erratic,871,8177.9453,44.561672,intermittent
FOODS_3_804,3.6313868613138687,1.4931880108991826,0.5768999542606669,0.3302919708029197,5.422343324250681,erratic,3980,7481.9336,45.083057,intermittent
HOBBIES_1_198,0.8065693430656934,2.1448140900195694,0.3149706119215976,0.5337591240875912,1.729941291585127,intermittent,884,7410.4062,45.599457,smooth
HOUSEHOLD_1_510,1.312956204379562,1.5307262569832405,0.3472719570940432,0.3467153284671533,2.009776536312849,intermittent,1439,7128.332,46.0962,smooth
HOUSEHOLD_1_538,1.781021897810219,1.2511415525114156,0.3305956636080931,0.2007299270072992,2.228310502283105,smooth,1952,6793.875,46.569637,lumpy
FOODS_2_311,2.062043795620438,1.607038123167155,0.3469901050969048,0.3777372262773723,3.313782991202346,intermittent,2260,6699.701,47.03651,smooth
FOODS_3_569,1.5355839416058394,1.696594427244582,0.46834233810978,0.4105839416058394,2.6052631578947367,intermittent,1683,6699.129,47.503345,smooth
HOBBIES_1_308,0.5437956204379562,2.81025641025641,0.2368692371137315,0.6441605839416058,1.528205128205128,intermittent,596,6684.0312,47.969124,smooth
FOODS_2_104,0.8302919708029197,2.5849056603773586,0.4305626340510604,0.6131386861313869,2.14622641509434,intermittent,910,6651.5547,48.43264,smooth
FOODS_3_459,3.1697080291970803,1.179763186221744,0.5226886751617619,0.1523722627737226,3.739504843918192,lumpy,3474,6530.713,48.887737,erratic
HOUSEHOLD_1_415,0.4680656934306569,2.9782608695652173,0.2353746993402763,0.6642335766423357,1.3940217391304348,intermittent,513,6452.578,49.33739,smooth
HOBBIES_1_133,0.4516423357664234,2.795918367346939,0.182745546868619,0.6423357664233577,1.2627551020408163,intermittent,495,6376.992,49.781773,smooth
HOUSEHOLD_2_324,0.3996350364963503,3.15850144092219,0.2124824023083302,0.6833941605839416,1.2622478386167146,intermittent,438,6244.922,50.216957,smooth
FOODS_2_022,0.801094890510949,2.424778761061947,0.4222218875485488,0.5875912408759124,1.9424778761061947,intermittent,878,6175.6562,50.64731,smooth
FOODS_3_035,1.416058394160584,1.4850948509485096,0.3768092052371117,0.3266423357664234,2.102981029810298,intermittent,1552,6079.3438,51.070957,smooth
HOUSEHOLD_1_386,1.8667883211678835,1.4123711340206186,0.3674265297088541,0.291970802919708,2.63659793814433,intermittent,2046,6058.078,51.493114,smooth
HOUSEHOLD_1_477,0.4087591240875912,4.0,0.361051443242132,0.75,1.635036496350365,intermittent,448,5961.5,51.908546,smooth
HOUSEHOLD_2_200,0.7801094890510949,2.103646833013436,0.2883986972980509,0.5246350364963503,1.6410748560460653,intermittent,855,5934.9023,52.322124,smooth
FOODS_2_016,4.416970802919708,1.271461716937355,0.5308636001538202,0.2135036496350364,5.61600928074246,lumpy,4841,5818.077,52.727562,erratic
FOODS_2_295,0.4078467153284671,3.570032573289902,0.2561280990666347,0.7198905109489051,1.4560260586319218,intermittent,447,5783.578,53.130592,smooth
FOODS_1_080,0.6961678832116789,2.6409638554216865,0.3902878758839082,0.6213503649635036,1.8385542168674696,intermittent,763,5782.1094,53.533524,smooth
HOUSEHOLD_1_290,0.531934306569343,3.2046783625730995,0.437141074925194,0.6879562043795621,1.7046783625730997,intermittent,583,5748.711,53.934128,smooth
FOODS_3_392,1.333029197080292,1.501369863013699,0.2976026896302043,0.333941605839416,2.0013698630136987,intermittent,1461,5733.885,54.333694,smooth
HOBBIES_1_378,1.6067518248175183,1.535014005602241,0.5758737554430918,0.3485401459854014,2.466386554621849,erratic,1761,5706.0527,54.731327,intermittent
HOUSEHOLD_2_195,0.3485401459854014,3.8055555555555554,0.2165079106139638,0.7372262773722628,1.3263888888888888,intermittent,382,5704.7266,55.128864,smooth
HOBBIES_1_093,0.2527372262773723,4.419354838709677,0.0895974227185715,0.7737226277372263,1.1169354838709675,intermittent,277,5636.703,55.521664,smooth
FOODS_2_128,5.6833941605839415,1.7507987220447283,0.4535281279302986,0.4288321167883211,9.950479233226837,intermittent,6229,5627.8135,55.913837,smooth
FOODS_1_045,2.866788321167883,1.481081081081081,0.4210275303516173,0.3248175182481752,4.245945945945946,intermittent,3142,5625.826,56.30588,smooth
FOODS_2_153,1.686131386861314,1.614138438880707,0.4476905265446094,0.3804744525547445,2.7216494845360826,intermittent,1848,5471.8125,56.68719,smooth
FOODS_3_267,2.3248175182481754,1.4632843791722296,0.5401833137773667,0.3166058394160584,3.4018691588785046,erratic,2548,5470.869,57.06843,intermittent
HOBBIES_1_231,0.7217153284671532,2.0916030534351147,0.2609165802463624,0.5218978102189781,1.5095419847328244,intermittent,791,5435.035,57.447178,smooth
HOUSEHOLD_1_236,1.9744525547445253,1.3786163522012578,0.3660641357566099,0.2746350364963503,2.722012578616352,intermittent,2164,5429.3535,57.825527,smooth
HOUSEHOLD_2_514,0.2636861313868613,4.298039215686274,0.102580170558265,0.7673357664233577,1.1333333333333333,intermittent,289,5399.9375,58.201824,smooth
HOUSEHOLD_1_377,0.5492700729927007,2.537037037037037,0.2211607248333512,0.6058394160583942,1.3935185185185186,intermittent,602,5394.4844,58.577747,smooth
HOBBIES_1_137,0.5228102189781022,3.113636363636364,0.3378627609810355,0.6788321167883211,1.6278409090909092,intermittent,573,5377.0703,58.95245,smooth
HOUSEHOLD_2_369,0.7545620437956204,2.2231237322515214,0.3074976866982591,0.5501824817518248,1.6774847870182557,intermittent,827,5376.6562,59.327126,smooth
HOUSEHOLD_1_042,0.4863138686131387,3.6655518394648823,0.3515165549429271,0.7271897810218978,1.7826086956521738,intermittent,533,5313.3438,59.69739,smooth
HOUSEHOLD_1_223,0.5045620437956204,3.2522255192878338,0.324458824205398,0.6925182481751825,1.6409495548961424,intermittent,553,5236.2188,60.062283,smooth
FOODS_3_571,0.5273722627737226,2.8842105263157896,0.2883391562623136,0.6532846715328468,1.5210526315789474,intermittent,578,5084.5938,60.416607,smooth
HOBBIES_1_356,0.8357664233576643,1.857627118644068,0.2788378168962718,0.4616788321167883,1.552542372881356,intermittent,916,5083.953,60.770885,smooth
FOODS_2_141,0.6551094890510949,2.5971563981042656,0.3498564410657711,0.614963503649635,1.7014218009478672,intermittent,718,5064.0977,61.123787,smooth
FOODS_2_103,0.6468978102189781,2.839378238341969,0.3654742284855616,0.6478102189781022,1.8367875647668397,intermittent,709,4995.543,61.4719,smooth
HOBBIES_1_094,0.3503649635036496,4.167300380228137,0.2637796571843192,0.760036496350365,1.4600760456273765,intermittent,384,4977.008,61.81873,smooth
HOBBIES_1_083,0.2673357664233576,4.349206349206349,0.1129597557538602,0.7700729927007299,1.1626984126984128,intermittent,293,4972.1562,62.165215,smooth
FOODS_2_298,0.3467153284671533,4.199233716475096,0.4731007351374385,0.7618613138686131,1.4559386973180075,intermittent,380,4893.758,62.506237,smooth
FOODS_3_091,0.7417883211678832,2.566744730679157,0.3930963301802518,0.6104014598540146,1.9039812646370025,intermittent,813,4867.621,62.84544,smooth
HOBBIES_1_075,0.6295620437956204,2.474040632054176,0.3220039137752916,0.5958029197080292,1.5575620767494356,intermittent,690,4830.0,63.182022,smooth
FOODS_1_026,0.625,2.5137614678899083,0.3658217248666944,0.6021897810218978,1.5711009174311927,intermittent,685,4781.621,63.51524,smooth
HOUSEHOLD_1_329,0.8722627737226277,2.095602294455067,0.3775557303206791,0.5228102189781022,1.8279158699808795,intermittent,956,4731.422,63.84495,smooth
HOUSEHOLD_1_482,1.342153284671533,1.5884057971014494,0.3222138146887133,0.3704379562043796,2.1318840579710145,intermittent,1471,4702.8145,64.17267,smooth
FOODS_2_389,0.3321167883211678,3.95667870036101,0.1839602158074447,0.7472627737226277,1.3140794223826715,intermittent,364,4700.203,64.500206,smooth
FOODS_2_149,0.6094890510948905,2.80306905370844,0.4328857830171071,0.6432481751824818,1.7084398976982098,intermittent,668,4696.6016,64.82749,smooth
HOUSEHOLD_1_268,0.5091240875912408,2.6346153846153846,0.2350816144680468,0.6204379562043796,1.3413461538461535,intermittent,558,4668.8906,65.15285,smooth
HOBBIES_1_407,1.4708029197080292,1.4497354497354498,0.3690329855223256,0.3102189781021898,2.132275132275132,intermittent,1612,4643.9453,65.47646,smooth
HOBBIES_1_372,0.625,2.537037037037037,0.3200567653702561,0.6058394160583942,1.585648148148148,intermittent,685,4575.586,65.79532,smooth
FOODS_3_398,0.6888686131386861,2.679706601466993,0.2943946300944834,0.6268248175182481,1.8459657701711487,intermittent,755,4535.754,66.1114,smooth
HOUSEHOLD_1_228,0.4361313868613138,3.15850144092219,0.2308169616207679,0.6833941605839416,1.377521613832853,intermittent,478,4526.0625,66.42679,smooth
FOODS_2_263,0.6733576642335767,2.566744730679157,0.2974298359788311,0.6104014598540146,1.7283372365339578,intermittent,738,4510.8945,66.741135,smooth
HOUSEHOLD_2_388,0.5903284671532847,2.6220095693779903,0.3118358424397604,0.6186131386861314,1.5478468899521531,intermittent,647,4506.6484,67.05518,smooth
FOODS_2_317,0.3211678832116788,4.366533864541832,0.2773349044421487,0.7709854014598541,1.402390438247012,intermittent,352,4492.6484,67.368256,smooth
HOUSEHOLD_1_160,0.4105839416058394,4.849557522123894,0.4551100576131688,0.7937956204379562,1.991150442477876,intermittent,450,4485.9375,67.68086,smooth
HOBBIES_1_028,0.5109489051094891,2.93048128342246,0.2624747633637905,0.6587591240875912,1.497326203208556,intermittent,560,4469.0625,67.992294,smooth
FOODS_3_112,1.3613138686131387,2.214141414141414,0.4944059976319415,0.5483576642335767,3.014141414141414,erratic,1492,4446.8594,68.30218,intermittent
FOODS_2_069,0.4361313868613138,2.8541666666666665,0.1937610065353914,0.6496350364963503,1.2447916666666667,intermittent,478,4438.797,68.611496,smooth
FOODS_3_411,1.333029197080292,1.686153846153846,0.3980453378118819,0.406934306569343,2.247692307692308,intermittent,1461,4354.465,68.91494,smooth
FOODS_3_494,1.3302919708029195,1.79672131147541,0.5176962722683079,0.4434306569343065,2.390163934426229,erratic,1458,4345.5234,69.21776,intermittent
HOUSEHOLD_1_205,0.6624087591240876,2.3468950749464668,0.3474948535408416,0.573905109489051,1.5546038543897216,intermittent,726,4322.5664,69.51898,smooth
HOBBIES_1_270,0.8047445255474452,1.8389261744966443,0.2430896729710132,0.4562043795620438,1.4798657718120805,intermittent,882,4303.1953,69.818855,smooth
HOUSEHOLD_1_531,0.4872262773722627,2.706172839506173,0.1935089828891991,0.6304744525547445,1.3185185185185184,intermittent,534,4275.8945,70.11682,smooth
HOUSEHOLD_2_246,0.4908759124087591,2.673170731707317,0.1874917492094868,0.6259124087591241,1.3121951219512196,intermittent,538,4234.6484,70.41191,smooth
FOODS_2_192,1.969890510948905,1.4972677595628416,0.4351400216345417,0.3321167883211678,2.949453551912568,intermittent,2159,4230.6865,70.706726,smooth
HOUSEHOLD_1_011,0.8184306569343066,2.16600790513834,0.3294679763834372,0.5383211678832117,1.7727272727272727,intermittent,897,4152.129,70.99608,smooth
HOUSEHOLD_1_421,0.6158759124087592,2.846753246753247,0.3435865340649292,0.6487226277372263,1.7532467532467533,intermittent,675,4145.742,71.28497,smooth
HOUSEHOLD_1_265,0.8421532846715328,1.916083916083916,0.314513806402213,0.4781021897810219,1.6136363636363635,intermittent,923,4117.4453,71.5719,smooth
HOUSEHOLD_1_075,1.3658759124087592,1.4613333333333334,0.3950995119085986,0.3156934306569343,1.996,intermittent,1497,4087.5117,71.85674,smooth
HOBBIES_1_084,0.8476277372262774,1.9261862917398944,0.2986799331306555,0.4808394160583941,1.632688927943761,intermittent,929,4068.004,72.14023,smooth
FOODS_1_031,1.0784671532846717,2.1617357001972386,0.9425859512437368,0.5374087591240876,2.331360946745562,erratic,1182,4041.5996,72.42187,intermittent
FOODS_3_015,2.093978102189781,1.36318407960199,0.8448841344083956,0.2664233576642336,2.8544776119402986,erratic,2295,4034.7305,72.70303,intermittent
FOODS_2_038,0.5994525547445255,2.435555555555556,0.2505306719839044,0.5894160583941606,1.46,intermittent,657,3993.3281,72.98131,smooth
FOODS_1_061,1.6104014598540146,1.5612535612535612,0.4299750662010854,0.3594890510948905,2.5142450142450143,intermittent,1765,3954.0137,73.25685,smooth
FOODS_2_216,0.5903284671532847,2.525345622119816,0.2935247820124295,0.6040145985401459,1.4907834101382489,intermittent,647,3869.3633,73.52649,smooth
FOODS_2_375,0.6970802919708029,2.25514403292181,0.3245418530250318,0.5565693430656934,1.5720164609053495,intermittent,764,3805.0781,73.79166,smooth
FOODS_3_294,1.3804744525547443,1.8544839255499157,0.9546887427604828,0.4607664233576642,2.560067681895093,erratic,1513,3751.7188,74.0531,intermittent
HOUSEHOLD_2_423,0.9215328467153284,2.2459016393442623,0.4044087476224802,0.5547445255474452,2.069672131147541,intermittent,1010,3750.0918,74.31443,smooth
FOODS_2_170,1.0930656934306568,2.4409799554565703,0.3936739008133039,0.5903284671532847,2.66815144766147,intermittent,1198,3732.877,74.574554,smooth
HOUSEHOLD_2_356,0.3448905109489051,3.702702702702703,0.2105318098502566,0.7299270072992701,1.277027027027027,intermittent,378,3728.7012,74.8344,smooth
FOODS_3_435,2.658759124087591,1.5884057971014494,0.8957640893470243,0.3704379562043796,4.223188405797101,erratic,2914,3696.8965,75.09201,intermittent
HOUSEHOLD_1_089,0.6359489051094891,2.457399103139013,0.3475678528212446,0.593065693430657,1.562780269058296,intermittent,697,3637.4688,75.3455,smooth
FOODS_1_083,1.6432481751824817,1.590711175616836,0.5159280785137719,0.3713503649635036,2.613933236574746,erratic,1801,3576.1162,75.5947,intermittent
FOODS_2_142,0.8193430656934306,2.0836501901140685,0.3155934647905422,0.5200729927007299,1.7072243346007605,intermittent,898,3574.461,75.843796,smooth
HOUSEHOLD_1_508,0.6678832116788321,2.6095238095238096,0.3663205479575063,0.6167883211678832,1.7428571428571429,intermittent,732,3571.3594,76.09267,smooth
FOODS_2_018,0.4607664233576642,3.581699346405229,0.5026956341470862,0.7208029197080292,1.6503267973856208,erratic,505,3553.8867,76.340324,intermittent
HOUSEHOLD_2_152,0.2591240875912409,4.765217391304348,0.187085982281536,0.7901459854014599,1.2347826086956522,intermittent,284,3521.1875,76.58569,smooth
HOUSEHOLD_1_422,0.8841240875912408,1.8175787728026531,0.2868006140426772,0.4498175182481752,1.6069651741293531,intermittent,969,3506.9473,76.830086,smooth
FOODS_3_581,0.9771897810218978,1.860780984719864,0.481223559629712,0.4625912408759124,1.8183361629881156,intermittent,1071,3475.5273,77.07227,smooth
FOODS_3_287,0.5018248175182481,3.140401146131805,0.3207736677115988,0.6815693430656934,1.5759312320916905,intermittent,550,3469.8594,77.31407,smooth
FOODS_3_809,3.114051094890511,1.3094384707287934,0.6322076526408378,0.2363138686131387,4.077658303464755,lumpy,3413,3413.0,77.55192,erratic
HOBBIES_1_005,1.0437956204379562,1.7424483306836247,0.3587923962340051,0.4260948905109489,1.8187599364069955,intermittent,1144,3403.2812,77.78907,smooth
HOUSEHOLD_1_451,0.4416058394160584,3.271641791044776,0.2879129215103022,0.6943430656934306,1.4447761194029851,intermittent,484,3396.125,78.025734,smooth
HOUSEHOLD_1_085,0.1843065693430657,5.924324324324324,0.0977245943492326,0.8312043795620438,1.0918918918918918,intermittent,202,3367.7188,78.26042,smooth
HOUSEHOLD_1_375,0.3841240875912409,3.490445859872612,0.2355547625060897,0.7135036496350365,1.3407643312101911,intermittent,421,3354.8438,78.4942,smooth
HOUSEHOLD_2_191,0.5921532846715328,2.4301552106430155,0.2715796865523956,0.5885036496350365,1.4390243902439024,intermittent,649,3319.8516,78.72555,smooth
FOODS_3_620,0.4461678832116788,3.261904761904762,0.2893804529237587,0.6934306569343066,1.4553571428571428,intermittent,489,3316.293,78.95664,smooth
FOODS_3_148,2.9817518248175183,2.149019607843137,0.6310676168961302,0.5346715328467153,6.407843137254902,erratic,3268,3291.9487,79.18605,intermittent
HOBBIES_1_403,0.218978102189781,5.050691244239632,0.0853935185185185,0.802007299270073,1.1059907834101383,intermittent,240,3262.2812,79.41338,smooth
FOODS_3_286,0.7472627737226277,2.479638009049774,0.3747649727565503,0.5967153284671532,1.8529411764705883,intermittent,819,3260.004,79.64056,smooth
FOODS_2_025,0.7618613138686131,1.9819168173598556,0.2528319720881071,0.4954379562043796,1.5099457504520797,intermittent,835,3246.1309,79.86677,smooth
HOUSEHOLD_1_155,0.8531021897810219,1.8205980066445184,0.3095616640533862,0.4507299270072992,1.553156146179402,intermittent,935,3245.1074,80.09291,smooth
HOBBIES_1_023,0.8604014598540146,2.2186234817813766,0.3022066957943135,0.5492700729927007,1.908906882591093,intermittent,943,3243.4043,80.318924,smooth
HOUSEHOLD_2_506,0.4306569343065693,3.140401146131805,0.2602436729602738,0.6815693430656934,1.3524355300859598,intermittent,472,3227.8438,80.54386,smooth
FOODS_2_070,0.4872262773722627,4.044280442804428,0.3584324213958519,0.7527372262773723,1.970479704797048,intermittent,534,3198.582,80.76676,smooth
HOBBIES_1_347,0.2928832116788321,4.08955223880597,0.1475502987847424,0.7554744525547445,1.1977611940298507,intermittent,321,3172.3828,80.98783,smooth
FOODS_3_049,0.614963503649635,2.351931330472103,0.2664189086128968,0.5748175182481752,1.446351931330472,intermittent,674,3154.1094,81.20763,smooth
FOODS_1_002,0.3065693430656934,4.248062015503876,0.1982599460017469,0.7645985401459854,1.302325581395349,intermittent,336,3096.8438,81.42344,smooth
FOODS_1_199,0.5200729927007299,3.8055555555555554,0.3841593714710395,0.7372262773722628,1.9791666666666667,intermittent,570,3072.4922,81.63754,smooth
HOBBIES_1_109,0.4571167883211678,2.733167082294264,0.1874867231604655,0.6341240875912408,1.2493765586034913,intermittent,501,3066.668,81.85125,smooth
FOODS_1_114,0.801094890510949,2.302521008403361,0.3839459660665718,0.5656934306569343,1.8445378151260503,intermittent,878,3023.6523,82.06195,smooth
FOODS_2_043,0.9717153284671532,2.1281553398058253,0.4242848075096787,0.5301094890510949,2.067961165048544,intermittent,1065,3002.7383,82.2712,smooth
FOODS_2_144,1.0894160583941606,2.044776119402985,0.4370304902513685,0.5109489051094891,2.2276119402985075,intermittent,1194,2985.0,82.47921,smooth
FOODS_3_565,1.0538321167883211,1.9432624113475176,0.4742315146042856,0.4854014598540146,2.047872340425532,intermittent,1155,2979.5352,82.68684,smooth
FOODS_2_012,0.8631386861313869,2.200803212851405,0.468927443505528,0.5456204379562044,1.8995983935742973,intermittent,946,2913.961,82.8899,smooth
FOODS_3_593,0.3813868613138686,3.792387543252595,0.2612804496106876,0.7363138686131386,1.4463667820069204,intermittent,418,2831.2031,83.0872,smooth
FOODS_2_294,2.3138686131386863,2.103646833013436,0.4764326117162079,0.5246350364963503,4.867562380038388,intermittent,2536,2789.9258,83.28162,smooth
FOODS_2_080,1.1624087591240877,3.3516819571865444,0.4422609772519034,0.7016423357664233,3.896024464831804,intermittent,1274,2776.9219,83.47513,smooth
FOODS_2_161,0.3485401459854014,3.6052631578947367,0.1880861532604839,0.7226277372262774,1.256578947368421,intermittent,382,2774.0625,83.668434,smooth
HOBBIES_1_130,0.9242700729927008,2.200803212851405,0.4757826326170249,0.5456204379562044,2.034136546184739,intermittent,1013,2757.879,83.86062,smooth
FOODS_2_297,0.7235401459854015,2.5195402298850573,0.4016969178119459,0.6031021897810219,1.8229885057471265,intermittent,793,2744.4043,84.051865,smooth
HOUSEHOLD_1_289,0.479014598540146,2.9863760217983653,0.2296179522446502,0.6651459854014599,1.430517711171662,intermittent,525,2739.8438,84.24279,smooth
FOODS_3_414,0.4917883211678832,3.7534246575342474,0.4095348029268095,0.7335766423357665,1.845890410958904,intermittent,539,2726.039,84.432755,smooth
HOUSEHOLD_1_372,1.2536496350364963,1.5502121640735502,0.3756767689230466,0.35492700729927,1.9434229137199437,intermittent,1374,2706.4043,84.62135,smooth
FOODS_2_258,0.8129562043795621,2.4035087719298245,0.3960701226694492,0.583941605839416,1.9539473684210529,intermittent,891,2670.3535,84.80744,smooth
FOODS_1_184,2.41514598540146,1.2894117647058825,1.1224964624477287,0.2244525547445255,3.114117647058824,lumpy,2647,2647.0,84.99189,erratic
FOODS_3_104,0.791058394160584,2.0679245283018868,0.3183930733168488,0.5164233576642335,1.6358490566037736,intermittent,867,2630.5664,85.17521,smooth
FOODS_2_146,1.227189781021898,2.0718336483931945,0.4269526695486811,0.5173357664233577,2.5425330812854443,intermittent,1345,2618.205,85.357666,smooth
HOUSEHOLD_2_052,0.4562043795620438,2.9148936170212765,0.197709824,0.656934306569343,1.3297872340425532,intermittent,500,2592.875,85.53835,smooth
FOODS_2_353,0.8156934306569343,3.104815864022663,0.4260401282656755,0.6779197080291971,2.53257790368272,intermittent,894,2575.1768,85.717804,smooth
FOODS_3_082,1.1742700729927007,2.317124735729387,0.6625287407555988,0.5684306569343066,2.7209302325581395,erratic,1287,2548.8633,85.895424,intermittent
FOODS_1_048,0.3886861313868613,3.7534246575342474,0.3753956767943111,0.7335766423357665,1.4589041095890412,intermittent,426,2547.6797,86.07295,smooth
FOODS_2_088,0.3184306569343065,4.566666666666666,0.4066087770095118,0.781021897810219,1.4541666666666666,intermittent,349,2546.9297,86.250435,smooth
HOUSEHOLD_2_325,0.6058394160583942,2.4409799554565703,0.2756265690451134,0.5903284671532847,1.4788418708240534,intermittent,664,2536.6875,86.4272,smooth
FOODS_1_158,0.4954379562043796,2.8994708994708995,0.2197749685711087,0.6551094890510949,1.4365079365079363,intermittent,543,2531.0508,86.60358,smooth
FOODS_1_132,1.2618613138686132,1.793780687397709,0.8199455201808451,0.4425182481751825,2.263502454991817,erratic,1383,2527.165,86.779686,intermittent
FOODS_3_200,1.1523722627737227,1.9712230215827335,0.6082691738177773,0.4927007299270073,2.271582733812949,erratic,1263,2526.0,86.95571,intermittent
FOODS_3_131,2.298357664233577,1.3997445721583652,0.4137970043629566,0.2855839416058394,3.217113665389528,intermittent,2519,2519.0,87.13125,smooth
FOODS_3_048,1.520985401459854,1.7369255150554674,0.4933073967375806,0.4242700729927007,2.641838351822504,erratic,1667,2500.5,87.3055,intermittent
HOBBIES_1_032,3.947080291970803,1.7564102564102564,0.9334867156241192,0.4306569343065693,6.932692307692308,erratic,4326,2478.6812,87.47822,intermittent
FOODS_1_003,0.7545620437956204,2.2505133470225878,0.3843260581515251,0.5556569343065694,1.6981519507186855,intermittent,827,2473.3691,87.65058,smooth
HOUSEHOLD_2_036,0.5675182481751825,2.502283105022831,0.2844761656927447,0.6003649635036497,1.4200913242009132,intermittent,622,2469.7773,87.822685,smooth
HOBBIES_1_209,3.1687956204379564,1.4123711340206186,0.8679480296730265,0.291970802919708,4.475515463917525,erratic,3473,2447.2134,87.993225,intermittent
FOODS_1_196,1.124087591240876,1.960644007155635,0.5418964145464461,0.489963503649635,2.2039355992844363,erratic,1232,2446.4717,88.16371,intermittent
FOODS_3_461,1.4881386861313868,1.5724533715925395,0.5422075514165904,0.3640510948905109,2.340028694404591,erratic,1631,2414.6445,88.33198,intermittent
FOODS_2_177,0.6678832116788321,2.8994708994708995,0.6510774391813045,0.6551094890510949,1.9365079365079363,erratic,732,2401.588,88.49934,intermittent
FOODS_3_303,0.7299270072992701,2.317124735729387,0.3398998543432203,0.5684306569343066,1.6913319238900637,intermittent,800,2384.375,88.66549,smooth
FOODS_3_290,2.096715328467153,1.481081081081081,0.6749071328672971,0.3248175182481752,3.105405405405405,erratic,2298,2298.0,88.82563,intermittent
FOODS_3_823,0.7691605839416058,2.753768844221105,0.476933886378022,0.6368613138686131,2.1180904522613067,intermittent,843,2276.498,88.98427,smooth
FOODS_3_374,0.8448905109489051,2.4852607709750565,0.4008338160750007,0.5976277372262774,2.099773242630385,intermittent,926,2232.9258,89.13987,smooth
HOBBIES_1_116,0.3138686131386861,4.585774058577406,0.2857073264676342,0.781934306569343,1.4393305439330544,intermittent,344,2225.25,89.29494,smooth
HOUSEHOLD_2_479,0.3412408759124087,3.872791519434629,0.222812545823261,0.7417883211678832,1.3215547703180213,intermittent,374,2222.086,89.44978,smooth
HOUSEHOLD_2_228,0.3822992700729927,3.535483870967742,0.2421159397864809,0.7171532846715328,1.3516129032258064,intermittent,419,2195.9062,89.602806,smooth
FOODS_3_168,0.5456204379562044,2.9863760217983653,0.5697003242528,0.6651459854014599,1.6294277929155314,erratic,598,2193.3047,89.755646,intermittent
FOODS_2_264,0.4698905109489051,4.074349442379182,0.3899348201963132,0.7545620437956204,1.9144981412639408,intermittent,515,2046.1035,89.89823,smooth
HOUSEHOLD_2_281,0.364963503649635,3.393188854489164,0.2362062888198757,0.7052919708029197,1.238390092879257,intermittent,400,2039.2344,90.040344,smooth
HOBBIES_1_128,0.2107664233576642,5.86096256684492,0.1819666934874308,0.8293795620437956,1.2352941176470589,intermittent,231,2026.6641,90.181564,smooth
FOODS_1_035,0.7052919708029197,3.414330218068536,1.12711194770463,0.7071167883211679,2.4080996884735204,erratic,773,2004.3594,90.32124,intermittent
FOODS_1_096,0.3193430656934307,4.199233716475096,0.2580499215070644,0.7618613138686131,1.3409961685823757,intermittent,350,2001.7422,90.46074,smooth
HOUSEHOLD_2_239,1.4726277372262773,1.5590327169274538,0.4038780047626127,0.3585766423357664,2.295874822190612,intermittent,1614,2001.7383,90.60023,smooth
HOUSEHOLD_2_205,0.3047445255474452,3.832167832167832,0.1593653537551433,0.7390510948905109,1.167832167832168,intermittent,334,1950.5078,90.73615,smooth
HOUSEHOLD_1_475,0.6642335766423357,2.2321792260692463,0.3143364589828203,0.552007299270073,1.4826883910386963,intermittent,728,1943.7031,90.871605,smooth
HOBBIES_1_424,1.000912408759124,2.1617357001972386,0.9225406584339124,0.5374087591240876,2.16370808678501,erratic,1097,1941.1758,91.006874,intermittent
FOODS_1_146,0.7901459854014599,2.331914893617021,0.3393605772419956,0.5711678832116789,1.8425531914893616,intermittent,866,1940.043,91.14206,smooth
HOUSEHOLD_1_065,1.792883211678832,1.7098283931357254,0.5814835220687735,0.4151459854014598,3.065522620904836,erratic,1965,1925.6616,91.276245,intermittent
HOBBIES_1_380,0.9927007299270072,2.095602294455067,0.654536335364838,0.5228102189781022,2.0803059273422564,erratic,1088,1925.25,91.410416,intermittent
FOODS_3_234,8.760948905109489,1.4632843791722296,0.7078497475943293,0.3166058394160584,12.819759679572764,erratic,9602,1919.9312,91.5442,intermittent
HOUSEHOLD_1_099,0.7363138686131386,2.3468950749464668,0.3308987048636954,0.573905109489051,1.728051391862955,intermittent,807,1911.8965,91.67743,smooth
FOODS_1_053,0.3175182481751825,4.914798206278027,0.4086564269382344,0.7965328467153284,1.5605381165919283,intermittent,348,1903.125,91.81005,smooth
HOBBIES_1_400,1.520985401459854,2.1746031746031744,0.7391480615076854,0.5401459854014599,3.3075396825396823,erratic,1667,1899.794,91.94244,intermittent
HOUSEHOLD_2_013,0.2910583941605839,4.455284552845528,0.2508304673074504,0.7755474452554745,1.2967479674796747,intermittent,319,1895.3086,92.07451,smooth
HOBBIES_1_386,0.2992700729927007,4.264591439688716,0.19037863727413,0.7655109489051095,1.2762645914396886,intermittent,328,1890.7891,92.20627,smooth
FOODS_2_205,0.5985401459854015,3.096045197740113,0.5860080819119876,0.677007299270073,1.8531073446327684,erratic,656,1882.2402,92.33743,intermittent
FOODS_2_156,1.1505474452554745,2.044776119402985,0.4749424635274479,0.5109489051094891,2.3526119402985075,intermittent,1261,1866.0078,92.46747,smooth
HOBBIES_1_142,1.8056569343065692,1.5393258426966292,0.5200138079524095,0.3503649635036496,2.779494382022472,erratic,1979,1860.144,92.59709,intermittent
FOODS_3_608,0.968065693430657,2.4301552106430155,0.5336010412684651,0.5885036496350365,2.352549889135255,erratic,1061,1846.3887,92.72575,intermittent
HOUSEHOLD_2_405,0.2983576642335766,4.936936936936937,0.2905943974580502,0.7974452554744526,1.472972972972973,intermittent,327,1844.4844,92.854294,smooth
FOODS_3_057,0.6067518248175182,2.74,0.3368135415705864,0.635036496350365,1.6625,intermittent,665,1827.9922,92.981674,smooth
FOODS_1_013,1.1158759124087592,2.292887029288703,0.5021017488799939,0.5638686131386861,2.5585774058577404,erratic,1223,1826.707,93.10898,intermittent
FOODS_3_660,1.114963503649635,2.111753371868979,0.8172077764827703,0.5264598540145985,2.354527938342968,erratic,1222,1809.1328,93.23505,intermittent
FOODS_3_425,0.6642335766423357,2.6409638554216865,0.3790682296415693,0.6213503649635036,1.7542168674698797,intermittent,728,1805.7812,93.360886,smooth
FOODS_3_005,0.7773722627737226,2.014705882352941,0.3375686670306149,0.5036496350364964,1.5661764705882353,intermittent,852,1775.8125,93.48463,smooth
HOUSEHOLD_1_354,0.8375912408759124,2.0184162062615103,0.3498903818334609,0.5045620437956204,1.6906077348066295,intermittent,918,1771.4531,93.60808,smooth
HOUSEHOLD_1_507,0.9552919708029196,2.4035087719298245,0.5082066577522281,0.583941605839416,2.296052631578948,erratic,1047,1770.0117,93.731415,intermittent
FOODS_1_204,1.6414233576642336,2.2505133470225878,0.931765293476308,0.5556569343065694,3.694045174537988,erratic,1799,1762.9849,93.85428,intermittent
FOODS_2_262,0.791970802919708,2.3722943722943723,0.4149385695034773,0.5784671532846716,1.878787878787879,intermittent,868,1753.3457,93.97646,smooth
FOODS_2_190,0.5793795620437956,3.242603550295858,0.4271127388545576,0.6916058394160584,1.878698224852071,intermittent,635,1750.9199,94.09848,smooth
FOODS_2_001,0.7901459854014599,2.103646833013436,0.328911901293081,0.5246350364963503,1.6621880998080614,intermittent,866,1732.0,94.21916,smooth
FOODS_3_582,0.7974452554744526,2.3982494529540483,0.429595994867542,0.583029197080292,1.912472647702407,intermittent,874,1730.9297,94.33978,smooth
FOODS_2_199,1.58485401459854,1.8735042735042733,0.4963248071015603,0.4662408759124087,2.9692307692307693,erratic,1737,1726.1294,94.460075,intermittent
HOUSEHOLD_1_503,1.530109489051095,1.438320209973753,0.3750205242439317,0.3047445255474452,2.2007874015748032,intermittent,1677,1684.4058,94.577446,smooth
FOODS_3_310,1.531021897810219,1.5679542203147354,0.4300519227482828,0.3622262773722627,2.400572246065808,intermittent,1678,1678.0,94.69438,smooth
FOODS_3_118,1.2956204379562044,1.8513513513513515,0.3658232611032846,0.4598540145985401,2.3986486486486487,intermittent,1420,1675.1562,94.81111,smooth
FOODS_3_029,1.1067518248175183,1.9747747747747748,0.5282335076668315,0.4936131386861314,2.185585585585585,erratic,1213,1652.8652,94.9263,intermittent
FOODS_3_187,0.6021897810218978,3.425,0.4662872670852152,0.708029197080292,2.0625,intermittent,660,1650.0,95.041275,smooth
FOODS_3_401,0.75,2.41409691629956,0.3876797143819452,0.5857664233576643,1.8105726872246697,intermittent,822,1627.9453,95.154724,smooth
HOBBIES_1_265,0.3722627737226277,3.4574132492113563,0.2385577190978152,0.7107664233576643,1.2870662460567823,intermittent,408,1620.0469,95.26762,smooth
HOBBIES_1_149,0.9343065693430656,1.7620578778135048,0.2971811217770292,0.4324817518248175,1.6463022508038585,intermittent,1024,1597.0,95.3789,smooth
HOUSEHOLD_1_461,1.5,1.3979591836734695,0.3998386785851811,0.2846715328467153,2.096938775510204,intermittent,1644,1595.0332,95.49005,smooth
HOUSEHOLD_2_287,0.7636861313868614,2.283333333333333,0.4033574247853187,0.5620437956204379,1.74375,intermittent,837,1590.1904,95.60087,smooth
FOODS_3_791,0.573905109489051,2.8994708994708995,0.3221865853429526,0.6551094890510949,1.664021164021164,intermittent,629,1572.5,95.71045,smooth
HOBBIES_1_412,0.6934306569343066,2.4909090909090907,0.3598205440468452,0.5985401459854015,1.7272727272727273,intermittent,760,1563.8262,95.819435,smooth
HOUSEHOLD_2_410,1.0282846715328466,1.79672131147541,0.3515650940545957,0.4434306569343065,1.8475409836065573,intermittent,1127,1555.1279,95.9278,smooth
FOODS_3_191,1.3868613138686132,1.7908496732026145,0.5133561302256414,0.4416058394160584,2.4836601307189543,erratic,1520,1520.0,96.03372,intermittent
HOBBIES_1_313,1.104014598540146,1.6809815950920246,0.3293542669088584,0.4051094890510949,1.855828220858896,intermittent,1210,1488.8672,96.137474,smooth
FOODS_3_778,0.6459854014598541,2.628297362110312,0.3968748446235608,0.6195255474452555,1.6978417266187051,intermittent,708,1482.2578,96.240776,smooth
FOODS_2_358,0.5255474452554745,3.281437125748503,0.4348474632039447,0.6952554744525548,1.7245508982035929,intermittent,576,1456.7324,96.34228,smooth
HOBBIES_1_080,2.287408759124088,2.4035087719298245,1.6277439042722173,0.583941605839416,5.49780701754386,erratic,2507,1437.4902,96.44246,intermittent
FOODS_1_148,0.2874087591240876,5.535353535353536,0.3326551331192376,0.8193430656934306,1.5909090909090908,intermittent,315,1434.168,96.5424,smooth
FOODS_3_055,0.4078467153284671,3.546925566343042,0.2177821052871726,0.718065693430657,1.4466019417475728,intermittent,447,1427.9688,96.64191,smooth
FOODS_3_802,0.7737226277372263,2.0718336483931945,0.3616132915321559,0.5173357664233577,1.6030245746691871,intermittent,848,1424.375,96.74116,smooth
HOUSEHOLD_2_398,0.1614963503649635,7.942028985507246,0.186258248636498,0.8740875912408759,1.2826086956521738,intermittent,177,1407.625,96.83926,smooth
HOBBIES_1_072,0.6468978102189781,2.356989247311828,0.352240853509002,0.5757299270072993,1.5247311827956989,intermittent,709,1396.5361,96.93657,smooth
FOODS_2_067,0.5821167883211679,3.971014492753623,0.3859957779860296,0.7481751824817519,2.3115942028985508,intermittent,638,1390.6406,97.03347,smooth
HOUSEHOLD_1_379,1.3001824817518248,1.6992248062015505,0.7147554240291807,0.4114963503649635,2.2093023255813957,erratic,1425,1382.5562,97.129814,intermittent
FOODS_2_065,1.260036496350365,2.0184162062615103,0.5512960357793542,0.5045620437956204,2.5432780847145486,erratic,1381,1374.6338,97.2256,intermittent
HOUSEHOLD_2_170,0.8521897810218978,2.187624750499002,0.3307547835975221,0.5428832116788321,1.8642714570858283,intermittent,934,1372.7246,97.321266,smooth
HOBBIES_1_239,0.4178832116788321,4.0,0.435831008550827,0.75,1.6715328467153283,intermittent,458,1360.582,97.416084,smooth
HOBBIES_1_044,0.8312043795620438,1.896193771626297,0.3649805911555127,0.4726277372262774,1.5761245674740485,intermittent,911,1348.707,97.51008,smooth
FOODS_2_167,0.4698905109489051,3.581699346405229,0.3660676351195782,0.7208029197080292,1.6830065359477124,intermittent,515,1318.5,97.60195,smooth
HOUSEHOLD_2_474,0.1605839416058394,7.163398692810458,0.1269922044910831,0.8604014598540146,1.1503267973856208,intermittent,176,1272.9453,97.690674,smooth
FOODS_3_752,5.761861313868613,1.6023391812865495,0.9342522747997056,0.3759124087591241,9.232456140350877,erratic,6315,1262.6917,97.77866,intermittent
HOBBIES_1_316,1.2244525547445255,2.149019607843137,0.6766295068108668,0.5346715328467153,2.631372549019608,erratic,1342,1261.4014,97.866554,intermittent
FOODS_2_068,0.1496350364963503,7.773049645390071,0.1121876859012492,0.8713503649635036,1.1631205673758864,intermittent,164,1244.0586,97.95325,smooth
FOODS_3_779,0.4552919708029197,3.702702702702703,0.3480298050671501,0.7299270072992701,1.6858108108108107,intermittent,499,1237.7539,98.0395,smooth
HOUSEHOLD_2_470,1.157846715328467,1.84822934232715,0.3575689055250781,0.458941605839416,2.139966273187184,intermittent,1269,1231.2026,98.12531,smooth
FOODS_3_805,1.1177007299270072,2.187624750499002,0.6060790430653894,0.5428832116788321,2.4451097804391217,erratic,1225,1225.0,98.21067,intermittent
FOODS_3_547,5.535583941605839,1.5243393602225312,0.772668826779118,0.343978102189781,8.438108484005562,erratic,6067,1213.1038,98.29521,intermittent
FOODS_3_508,1.0967153284671534,2.1702970297029704,0.6293494255693628,0.5392335766423357,2.38019801980198,erratic,1202,1202.0,98.37897,intermittent
HOUSEHOLD_2_062,0.3722627737226277,3.859154929577465,0.3764215448529581,0.7408759124087592,1.4366197183098592,intermittent,408,1196.1279,98.46232,smooth
HOUSEHOLD_2_497,0.1888686131386861,6.523809523809524,0.1575576006147754,0.8467153284671532,1.2321428571428572,intermittent,207,1190.4219,98.54527,smooth
FOODS_3_580,5.327554744525547,1.5524079320113315,0.9666562683777836,0.3558394160583941,8.270538243626062,erratic,5839,1167.5149,98.62663,intermittent
HOUSEHOLD_1_493,0.3667883211678832,3.8055555555555554,0.3341967162471486,0.7372262773722628,1.3958333333333333,intermittent,402,1100.2832,98.70331,smooth
HOBBIES_1_350,0.3284671532846715,4.215384615384616,0.2850469517136184,0.7627737226277372,1.3846153846153846,intermittent,360,1072.9688,98.77808,smooth
HOUSEHOLD_2_329,0.3458029197080292,4.0,0.2618351566493114,0.75,1.3832116788321167,intermittent,379,1031.1465,98.84993,smooth
FOODS_3_438,0.8978102189781022,2.628297362110312,0.565554143023841,0.6195255474452555,2.3597122302158278,erratic,984,984.0,98.9185,intermittent
FOODS_3_070,4.299270072992701,1.5285913528591353,0.8377367313021004,0.3458029197080292,6.5718270571827055,erratic,4712,942.1699,98.98416,intermittent
HOBBIES_1_131,1.197080291970803,2.8247422680412373,1.046672550177005,0.6459854014598541,3.381443298969072,erratic,1312,907.4453,99.04739,intermittent
HOBBIES_1_272,0.0948905109489051,11.29896907216495,0.0588537814349112,0.9114963503649636,1.0721649484536082,intermittent,104,877.5,99.10855,smooth
HOUSEHOLD_2_440,0.7974452554744526,2.269151138716356,0.4134176618659558,0.5593065693430657,1.809523809523809,intermittent,874,847.9678,99.16764,smooth
HOBBIES_2_039,0.1514598540145985,7.884892086330935,0.1918286030449719,0.8731751824817519,1.1942446043165469,intermittent,166,824.8125,99.22512,smooth
HOBBIES_1_307,0.1824817518248175,5.89247311827957,0.0605254054054054,0.8302919708029197,1.075268817204301,intermittent,200,794.1406,99.28046,smooth
HOBBIES_1_070,0.1195255474452554,9.448275862068966,0.0890492344877034,0.8941605839416058,1.1293103448275863,intermittent,131,770.1367,99.334114,smooth
FOODS_3_669,0.9187956204379562,2.3722943722943723,0.5205503499555996,0.5784671532846716,2.17965367965368,erratic,1007,751.27,99.38647,intermittent
FOODS_3_816,3.4224452554744524,1.7821138211382117,0.8395024406290441,0.4388686131386861,6.099186991869919,erratic,3751,750.01685,99.438736,intermittent
HOBBIES_1_127,0.6240875912408759,3.59344262295082,0.6436195814411629,0.7217153284671532,2.242622950819672,erratic,684,716.0801,99.48864,intermittent
HOUSEHOLD_2_016,0.3713503649635036,4.151515151515151,0.312825825517224,0.7591240875912408,1.5416666666666667,intermittent,407,715.3877,99.53849,smooth
FOODS_3_454,3.2372262773722627,1.912739965095986,0.9217586597667344,0.4771897810218978,6.191972076788831,erratic,3548,709.42676,99.58792,intermittent
HOBBIES_1_322,0.1605839416058394,7.0256410256410255,0.088376432951213,0.8576642335766423,1.1282051282051282,intermittent,176,698.84375,99.63662,smooth
FOODS_3_360,0.3175182481751825,4.231660231660232,0.262822792582146,0.7636861313868614,1.3436293436293436,intermittent,348,695.77734,99.68511,smooth
HOBBIES_2_020,0.1423357664233576,7.884892086330935,0.097347282966012,0.8731751824817519,1.1223021582733812,intermittent,156,605.1914,99.72729,smooth
HOBBIES_2_013,0.0647810218978102,16.35820895522388,0.0507475068078122,0.938868613138686,1.0597014925373134,intermittent,71,515.79297,99.76322,smooth
HOBBIES_2_007,0.4781021897810219,3.546925566343042,0.4893246740003193,0.718065693430657,1.6957928802588995,intermittent,524,508.39258,99.798645,smooth
HOBBIES_1_212,0.0611313868613138,18.57627118644068,0.1191955815364761,0.9461678832116788,1.1355932203389831,intermittent,67,500.40625,99.83353,smooth
FOODS_2_195,0.1304744525547445,9.614035087719298,0.2003490661204629,0.8959854014598541,1.2543859649122806,intermittent,143,489.47656,99.86763,smooth
HOUSEHOLD_1_323,0.083941605839416,14.051282051282053,0.1072349200893623,0.9288321167883212,1.1794871794871795,intermittent,92,467.04297,99.90018,smooth
HOUSEHOLD_2_121,0.1934306569343065,6.227272727272728,0.136410517215074,0.8394160583941606,1.2045454545454546,intermittent,212,417.58203,99.929276,smooth
HOBBIES_2_080,0.0930656934306569,11.536842105263158,0.0598378692319648,0.9133211678832116,1.0736842105263158,intermittent,102,405.01172,99.9575,smooth
HOBBIES_1_175,0.1852189781021898,6.642424242424243,0.2306194656743821,0.8494525547445255,1.2303030303030302,intermittent,203,399.8545,99.98536,smooth
HOBBIES_1_112,0.0702554744525547,17.125,0.1793926543462721,0.9416058394160584,1.203125,intermittent,77,209.28906,99.99995,smooth
